Interest,Engagement,Excitement,Stress,Relaxation,Focus
46.506,28.151,84.049,18.972,22.789,41.783
46.769,27.675,84.165,19.805,22.669,41.98
47.221,30.136,84.262,22.375,22.71,42.879
47.736,34.58,84.342,27.816,22.929,44.859
48.071,33.166,84.355,34.555,23.258,46.989
48.269,32.192,83.967,41.478,23.823,49.104
48.694,33.987,83.256,42.741,24.544,49.252
48.855,35.087,82.229,43.78,25.205,49.349
48.398,43.444,81.015,44.954,25.811,49.93
47.845,49.228,79.781,46.869,26.242,50.811
47.974,52.005,78.623,50.551,26.635,52.24
49.1,66.764,77.461,53.871,26.992,55.911
52.109,77.784,76.379,56.83,27.509,56.542
59.748,89.45,75.598,59.453,28.889,56.858
71.489,86,74.932,61.769,33.553,55.997
81.892,84.117,74.518,63.808,41.226,51.346
87.54,84.675,74.532,65.603,48.523,50.672
89.418,76.441,74.94,67.181,55.142,47.872
88.131,68.271,75.412,68.569,59.626,45.988
83.452,63.519,76.003,64.89,59.656,44.589
75.855,60.991,76.521,59.729,56.856,44.141
67.981,55.127,76.976,54.538,53.87,43.577
61.349,51.477,76.776,48.998,50.802,43.029
56.397,45.305,76.516,43.648,47.998,42.253
52.871,42.678,76.278,38.479,45.391,41.573
50.351,41.018,76.061,34.25,43.07,41.117
48.518,39.273,75.862,31.001,41.092,40.823
47.281,35.307,75.68,30.796,39.335,41.384
46.572,32.152,75.503,31.893,37.692,42.366
46.167,26.399,75.525,31.572,36.279,42.542
45.642,21.161,75.543,31.307,35.027,42.633
44.99,19.521,75.442,28.737,33.907,41.975
44.523,16.177,75.343,26.141,32.871,41.163
44.236,16.093,75.563,24.121,31.883,40.659
44.05,13.187,75.757,22.501,30.982,40.111
43.93,11.984,75.402,21.517,30.128,39.867
44.119,10.015,74.742,21.62,29.321,39.962
44.72,12.165,73.968,21.478,28.655,40.108
45.391,14.575,73.259,21.391,28.064,40.269
45.848,16.398,72.61,21.512,27.548,40.457
45.967,16.269,72.606,23.046,27.077,41.011
46.038,12.226,73.384,24.312,26.701,41.168
46.186,12.484,74.069,25.256,26.386,41.375
46.493,13.099,74.672,25.515,26.141,41.327
46.916,14.941,74.568,26.811,25.95,41.743
47.194,23.356,73.819,28.07,25.779,42.54
47.391,19.687,73.086,29.128,25.645,42.687
47.929,22.585,72.222,28.826,25.647,42.596
48.741,20.125,71.12,28.23,25.78,42.092
49.789,21.006,70.107,27.091,25.902,41.547
50.573,21.878,69.178,25.719,26.011,40.927
50.84,21.19,68.328,25.221,25.961,40.625
50.745,23.918,67.771,24.987,25.727,40.668
50.508,28.213,67.362,25.265,25.462,41.012
50.007,28.921,67.47,25.596,25.156,41.216
49.35,25.345,67.98,23.831,24.848,40.419
48.488,27.44,68.433,23.918,24.575,40.546
47.539,27.725,69.025,23.721,24.362,40.456
46.782,24.301,69.749,23.629,24.201,40.177
46.371,42.385,70.391,23.683,24.079,41.046
46.636,52.029,71.618,22.908,24.058,41.252
48.101,48.416,72.987,22.413,24.056,40.929
49.99,42.693,74.177,22.017,24.056,40.507
51.381,40.545,75.213,21.492,24.056,40.182
51.335,48.793,75.989,20.932,23.931,40.455
49.964,59.996,76.549,19.901,23.775,40.819
48.282,63.466,76.765,19.41,23.635,41.086
47.195,63.134,76.84,19.14,23.442,41.298
46.753,59.047,76.905,19.442,23.329,41.473
46.695,56.147,76.96,19.845,23.261,41.687
46.695,48.902,77.007,21.57,23.213,42.111
46.813,44.851,77.046,23.206,23.305,42.535
47.288,42.592,76.988,24.509,23.629,42.785
47.841,42.029,76.939,25.618,23.924,43.048
48.246,39.858,76.892,25.993,24.192,42.968
48.109,35.352,76.55,25.656,24.324,42.572
47.661,31.153,76.222,25.251,24.401,42.153
47.579,26.852,76.044,24.045,24.356,41.451
47.755,22.281,76.121,22.773,24.252,40.687
47.353,26.26,75.832,21.754,24.123,40.46
46.477,24.228,75.392,21.461,23.971,40.237
45.833,28.879,74.893,20.882,23.823,40.247
45.706,31.708,74.416,20.375,23.691,40.223
45.991,33.849,73.981,20.103,23.477,40.312
46.289,29.525,73.584,19.576,23.188,40.021
46.336,24.295,73.702,19.269,22.922,39.678
46.018,20.619,74.088,18.935,22.686,39.329
45.611,17.711,74.429,18.502,22.475,38.941
45.373,12.745,74.73,18.366,22.313,38.504
45.203,17.152,74.611,18.206,22.204,38.509
45.101,17.079,73.837,18.27,22.122,38.428
45.193,14.406,73.128,18.525,22.074,38.259
45.23,12.41,72.479,18.342,22.065,37.921
45.033,11.371,72.034,17.894,22.14,37.469
44.762,14.491,72.011,18.39,22.289,37.509
44.761,14.362,72.871,19.075,22.424,37.432
45.389,16.786,74.548,20.329,22.473,37.692
46.299,18.087,75.799,21.187,22.418,37.851
47.005,16.317,76.394,21.135,22.344,37.584
47.216,18.776,77.45,21.549,22.278,37.662
47.227,15.756,78.705,22.646,22.219,37.708
47.351,19.555,79.348,23.69,22.178,38.098
47.384,19.312,79.524,23.642,22.232,37.897
47.175,22.141,79.505,24.284,22.406,38.061
46.813,20.426,79.054,24.455,22.565,37.876
46.445,21.359,78.175,25.284,22.754,38.065
46.251,21.51,77.167,25.927,22.927,38.172
46.228,19.778,76.383,26.059,23.045,38.01
46.446,17.755,76.026,26.773,23.145,38.013
46.883,16.453,75.7,26.67,23.244,37.739
47.2,14.758,75.748,26.248,23.334,37.3
47.35,10.655,75.788,26.29,23.349,36.925
47.41,9.34,75.948,30.015,23.35,37.991
47.427,12.5,76.239,31.522,23.351,38.474
47.576,9.518,76.495,32.682,23.491,38.469
47.788,8.965,76.627,33.097,23.668,38.287
47.787,9.587,76.688,31.529,24.032,37.356
47.656,7.027,76.739,29.242,24.366,36.018
47.473,9.442,76.707,29.004,24.67,35.682
47.178,12.978,76.452,29.658,24.942,35.782
47.158,19.545,75.98,31.312,25.189,36.464
48.388,20.752,75.192,34.017,25.505,37.289
50.453,18.04,74.148,33.704,25.846,36.83
52.184,21.095,73.171,36.455,26.194,37.752
52.927,18.944,72.384,38.64,26.51,38.228
52.855,20.883,71.595,47.004,26.865,41.117
52.59,23.949,70.874,53.645,27.188,43.474
52.483,25.753,70.793,56.56,27.48,44.423
52.539,27.847,70.72,59.099,27.73,45.289
52.829,26.341,70.597,56.539,28.052,44.11
53.147,23.563,70.486,56.883,28.343,43.914
53.191,20.642,71.091,55.813,28.607,43.147
52.786,24.822,71.528,55.984,28.846,43.204
52.406,23.792,71.969,57.372,28.939,43.54
52.447,32.281,72.652,62.024,28.824,45.647
53.512,36.336,73.408,69.31,28.72,48.545
56.938,36.979,74.423,77.562,28.813,51.54
62.254,32.153,75.836,82.055,29.244,52.703
66.757,29.965,77.181,79.677,29.697,51.472
68.345,28.619,78.339,77.024,30.29,50.11
66.881,26.257,79.337,74.622,30.829,48.812
63.939,28.699,78.749,72.077,31.319,47.816
61.052,23.711,77.436,70.347,31.435,46.977
58.624,20.064,76.012,66.159,31.359,45.377
56.601,17.872,74.681,61.865,31.087,43.876
54.862,24.618,73.476,57.557,30.628,42.91
53.45,23.099,72.575,53.041,29.992,41.566
52.579,23.79,71.749,49.197,29.258,40.614
52.255,21.892,70.889,45.771,28.6,39.647
51.935,19.554,70.402,42.27,28.001,38.561
51.654,16.891,70.172,39.03,27.442,37.495
51.379,13.802,69.964,35.763,26.9,36.362
50.967,21.274,69.86,34.394,26.439,36.4
50.377,24.421,70.133,33.922,26.029,36.555
50.163,26.275,70.764,34.035,25.646,36.847
50.662,23.672,71.322,33.919,25.306,36.82
51.404,21.516,71.817,32.674,24.988,36.375
51.96,16.749,71.844,30.435,24.721,35.414
52.373,19.154,71.433,28.548,24.58,34.878
52.774,14.246,71.06,27.105,24.341,34.185
52.912,17.015,70.506,25.878,24.14,33.922
52.648,20.165,69.951,25.613,24.048,33.999
52.337,19.046,69.446,25.74,24.066,33.962
52.193,20.741,68.987,26.071,24.078,34.138
52.078,18.352,68.571,26.503,24.015,34.184
51.755,19.236,68.192,27.594,23.959,34.613
51.479,19.446,68.42,28.692,23.983,34.942
51.626,23.235,69.254,30.137,24.133,35.488
52.089,20.858,69.992,29.995,24.086,35.273
52.641,21.011,70.646,29.806,23.956,35.2
53.271,22.896,71.073,29.663,23.904,35.211
53.591,25.284,71.4,29.451,23.865,35.241
53.493,27.24,71.167,29.214,23.747,35.334
53.047,24.688,70.532,29.175,23.641,35.296
52.595,24.667,70.153,29.198,23.631,35.328
52.108,24.905,70.238,29.522,23.774,35.378
51.702,22.75,70.507,29.911,23.957,35.297
51.295,24.499,71.152,29.829,24.123,35.218
50.904,26.308,72.453,31.505,24.274,35.762
50.675,31.903,73.596,41.827,24.398,39.674
51.718,34.333,74.594,50.663,24.51,42.949
54.438,34.887,75.466,66.783,24.543,48.83
57.485,40.415,76.172,72.551,24.589,51.24
58.968,47.935,76.693,75.958,24.786,52.89
58.195,44.827,77.046,78.859,25.082,53.825
56.157,40.28,77.268,81.563,25.443,54.56
54.682,39.454,77.339,81.333,26.222,54.189
54.154,35.101,77.024,78.202,27.064,52.569
54.125,28.576,76.432,77.66,27.836,51.782
53.795,29.022,75.89,72.2,28.543,49.557
52.965,30.947,75.707,67.843,28.627,48.104
51.869,30.22,75.705,64.414,28.419,47.001
50.843,30.743,76.341,59.645,28.177,45.452
50.029,29.119,76.9,55.727,27.961,44.095
49.827,27.88,77.617,52.282,27.767,42.895
49.935,23.567,78.372,48.403,27.422,41.437
49.89,21.132,79.13,46.063,26.962,40.652
49.633,20.858,79.782,43.91,26.482,40.045
49.074,17.991,80.253,41.157,26.021,39.081
48.504,19.646,80.665,38.828,25.611,38.462
48.124,18.417,80.964,36.341,25.246,37.634
48.164,18.43,81.07,33.772,24.921,36.822
48.521,19.267,80.986,31.423,24.605,36.141
49.114,19.233,80.69,29.713,24.376,35.624
49.62,25.007,80.175,28.296,24.189,35.513
50.025,22.802,79.653,26.783,24.023,34.989
50.344,18.723,79.174,26.258,23.848,34.705
50.359,17.696,78.734,26.414,23.729,34.76
50.573,15.517,78.218,26.75,23.737,34.75
51.839,17.414,78.127,27.746,24.069,34.988
53.432,24.513,78.347,28.837,24.265,35.602
54.663,30.556,78.854,31.134,24.429,36.662
54.964,32.297,78.988,35.224,24.578,38.228
54.53,32.198,78.545,39.147,24.446,39.825
54.168,32.469,78.045,41.963,24.329,41.035
54.036,25.211,77.073,43.643,24.224,41.458
53.962,22.45,75.933,44.403,24.262,41.658
53.432,22.179,74.667,44.397,24.296,41.694
52.37,26.271,73.492,47.92,24.341,43.224
51.42,28.239,72.657,50.216,24.445,44.186
51.117,27.127,72.218,50.516,24.707,44.179
51.156,29.58,72.096,48.129,24.712,43.486
50.903,30.64,72.02,45.991,24.925,42.725
50.602,35.822,72.084,43.034,25.41,41.752
51.291,38.981,72.281,43.709,25.999,41.973
53.552,37.259,72.456,42.605,26.389,41.421
56.794,48.146,73.085,45.545,26.697,42.995
59.614,54.867,73.641,48.094,26.977,44.326
60.787,50.866,74.131,46.644,27.064,43.804
59.759,48.466,74.572,45.477,26.948,43.533
57.352,46.281,74.535,42.927,26.714,42.835
55.18,42.403,74.271,40.324,26.474,42.022
53.484,43.795,73.915,37.702,26.153,41.489
52.098,46.766,73.629,36.909,25.76,41.742
51.32,45.873,73.369,36.77,25.411,42.03
51.547,41.271,73.132,38.499,25.079,42.774
52.42,37.616,72.916,40.06,24.803,43.434
53.268,31.422,72.745,43.182,24.574,44.46
53.907,32.78,73.419,48.16,24.471,46.384
54.404,31.958,74.414,50.029,24.524,46.983
54.682,33.134,75.284,46.547,24.584,45.746
54.312,33.415,76.047,42.238,24.639,44.182
53.277,31.651,75.934,38.256,24.757,42.651
52.185,29.883,75.291,34.983,24.797,41.429
51.458,26.792,74.607,32.181,24.675,40.373
50.968,27.397,73.981,30.308,24.417,39.884
50.597,34.098,73.408,29.292,24.124,40.046
50.505,34.907,73.337,27.661,23.924,39.66
50.743,29.939,73.776,26.281,23.746,39.024
51.087,27.838,74.166,25.751,23.659,38.759
51.319,24.255,74.654,25.005,23.725,38.234
51.67,20.349,75.318,24.443,23.784,37.718
52.21,22.162,75.901,24.87,23.838,37.833
52.509,20.496,75.974,24.813,23.914,37.626
52.116,29.477,76.037,26.352,23.95,38.565
51.394,33.995,76.583,27.888,23.932,39.349
51.123,33.832,76.789,29.366,23.916,39.926
51.334,32.618,76.377,32.863,23.864,41.232
51.93,31.216,76.625,32.714,23.705,41.211
52.369,30.847,76.816,33.314,23.529,41.515
52.18,30.591,76.549,33.704,23.446,41.726
51.933,33.232,76.307,32.033,23.373,41.336
51.907,33.253,76.395,30.004,23.244,40.71
51.788,34.241,76.473,28.768,23.128,40.416
51.62,40.597,76.231,30.891,23.054,41.628
51.639,42.242,75.908,35.009,23.043,43.343
52.125,44.898,75.446,40.254,23.161,45.477
52.91,46.232,74.886,42.81,23.539,46.468
53.772,44.243,74.375,40.69,23.992,45.563
54.498,40.706,73.951,37.474,24.507,44.122
54.681,37.587,73.61,34.871,24.978,42.908
54.052,35.913,73.3,33.43,25.408,42.178
53.223,38.468,72.818,32.505,25.741,41.899
53.157,34.993,71.702,31.79,25.942,41.504
53.491,29.243,69.828,31.008,26.101,40.997
53.693,27.036,67.942,30.598,26.233,40.772
53.889,25.213,66.193,28.654,26.353,39.988
54.158,26.883,64.73,29.073,26.452,40.221
54.19,24.145,64.52,28.678,26.279,40.001
54.086,26.003,64.948,28.533,25.78,40.213
54.058,29.973,65.33,29.023,25.336,40.759
53.958,32.072,65.787,28.802,24.941,40.955
53.932,30.061,66.044,28.23,24.602,40.811
54.194,29.164,66.084,28.473,24.441,40.924
54.393,28.207,66.12,28.406,24.297,40.904
53.672,29.41,66.342,27.929,24.284,40.765
52.101,32.835,66.686,28.107,24.273,40.982
50.391,30.171,66.993,27.268,24.138,40.604
49.204,30.941,67.774,27.723,23.991,40.828
49.053,32.727,68.527,27.768,23.86,40.958
49.92,31.961,68.657,28,23.866,41.005
51.1,31.947,68.774,29.014,23.802,41.402
51.658,32.668,69.088,28.822,23.727,41.396
51.537,29.777,69.369,29.001,23.79,41.271
51.323,33.026,69.461,29.016,23.873,41.386
51.209,36.25,69.692,28.538,23.906,41.369
51.021,40.307,70.187,27.699,23.817,41.339
50.557,34.357,70.579,27.625,23.58,41.173
50.252,36.417,70.645,27.824,23.551,41.389
50.421,47.378,70.608,28.351,23.525,42.218
50.876,47.062,70.588,28.878,23.429,42.585
51.267,51.557,70.314,28.103,23.314,42.758
51.458,45.284,70.065,27.335,23.306,42.349
51.465,40.367,69.84,27.91,23.299,42.436
51.447,38.875,70.092,28.586,23.198,42.713
51.287,36.234,71.088,29.963,23.108,43.119
51.245,35.462,71.966,31.239,23.046,43.556
51.66,37.343,72.739,31.609,23.009,43.793
52.223,35.872,73.101,31.239,22.865,43.681
52.331,30.784,72.42,30.63,22.737,43.331
52.129,31.417,71.797,30.525,22.623,43.407
51.886,29.498,71.229,29.459,22.521,42.997
51.682,28.505,70.355,28.59,22.43,42.702
51.73,38.376,69.92,28.424,22.208,43.268
52.212,40.837,70.343,27.644,21.931,43.286
53.056,39.679,70.719,30.547,21.826,44.384
53.661,39.39,71.054,34.157,21.963,45.653
53.554,40.775,71.397,39.028,22.103,47.461
53.344,37.275,72.072,44.41,22.024,49.296
53.305,31.81,72.824,44.584,21.988,49.082
53.389,31.485,73.546,46.95,22.272,49.724
53.503,30.706,74.183,51.431,22.942,50.915
53.588,27.732,74.666,57.35,23.507,52.563
53.541,30.375,74.868,69.943,23.91,56.99
53.562,36.343,74.881,78.897,24.392,60.274
53.549,35.666,74.891,78.679,24.969,59.897
53.46,36.19,74.898,78.143,25.497,59.486
53.276,37.769,74.646,77.496,26.094,59.076
53.35,31.279,73.993,76.296,26.854,57.994
54.605,29.489,73.396,75.715,27.698,57.277
56.64,26.251,73.518,71.789,28.427,55.271
57.882,36.936,73.625,72.074,28.608,55.768
57.487,32.003,72.916,74.78,29.237,56.238
56.518,30.886,72.321,77.778,29.811,56.992
56.554,33.905,72.325,80.706,30.145,58.012
57.306,31.128,72.326,77.905,30.036,56.902
57.91,26.277,72.08,74.521,29.938,55.455
57.875,25.11,71.857,70.943,29.898,54.057
57.113,21.025,71.757,67.942,29.464,52.89
55.991,16.799,71.67,65.173,29.009,51.771
55.05,20.632,71.573,63.808,28.528,51.562
54.466,16.724,71.501,62.608,28.041,51.041
54.534,18.61,71.915,60.726,27.613,50.485
54.872,25.013,72.898,58.921,27.199,50.174
55.113,25.389,73.585,56.215,26.83,49.275
55.064,22.997,74.573,53.843,26.505,48.314
54.768,19.302,75.569,52.151,26.257,47.47
54.318,25.254,76.438,52.171,26.036,47.718
54.1,21.163,77.198,52.047,25.873,47.417
54.268,24.12,77.863,50.856,25.729,47.064
54.564,24.568,78.445,49.472,25.575,46.548
54.571,24.481,79.145,46.07,25.423,45.272
54.033,24.297,79.662,44.607,25.259,44.71
53.472,24.008,80.115,44.718,25.142,44.691
53.573,26.941,80.128,46.347,25.037,45.411
54.628,21.158,78.994,48.204,25.019,45.807
56.164,28.137,77.256,51.104,25.162,47.158
57.292,24.16,75.611,52.293,25.367,47.341
57.926,27.568,73.958,52.576,25.81,47.432
58.36,27.875,72.811,51.174,26.54,46.609
58.673,33.714,71.901,50.793,26.876,46.633
58.515,28.866,71.535,49.52,27.022,45.886
57.773,22.868,71.733,48.89,27.264,45.183
56.563,26.972,71.669,49.361,27.642,45.306
55.642,24.734,71.611,48.015,28.003,44.483
55.838,26.022,71.558,46.493,28.151,43.868
61.265,27.55,71.144,43.895,28.284,42.917
72.058,26.297,70.769,41.793,28.382,42.029
82.3,25.874,70.144,40.066,28.289,41.42
87.683,24.145,69.552,38.149,28.058,40.736
88.361,27.763,69.276,36.546,27.748,40.453
84.859,29.002,69.255,34.925,27.434,40.058
77.766,35.122,69.8,32.786,26.986,39.778
70.584,30.831,70.693,30.953,26.587,39.069
64.52,30.141,71.598,29.825,26.232,38.742
59.69,32.343,72.793,30.67,25.832,39.279
56.329,43.482,73.838,31.588,25.476,40.325
54.406,59.264,74.753,32.18,25.159,41.591
53.498,73.152,75.188,33.687,24.981,43.194
53.149,76.886,74.728,33.608,24.821,43.857
52.912,71.506,74.308,35.475,24.679,44.762
52.566,67.918,73.926,37.239,24.583,45.645
52.569,70.432,74.002,38.176,24.497,46.483
53.122,64.505,74.49,38.433,24.421,46.62
53.698,60.353,75.141,37.638,24.276,46.436
53.893,57.657,75.828,35.768,24.231,45.849
53.63,53.363,76.393,33.055,24.257,44.817
53.149,45.094,76.891,30.707,24.282,43.67
52.786,41.525,77.242,28.881,24.273,42.908
52.626,40.983,77.551,27.761,24.19,42.568
52.767,38.729,77.109,27.836,24.116,42.605
53.061,37.549,76.215,27.046,23.985,42.42
53.327,32.554,75.39,26.675,23.727,42.233
53.19,28.604,74.631,28.555,23.436,42.881
52.627,27.191,74.244,28.245,23.177,42.797
52.019,28.314,73.892,29.386,22.946,43.342
51.694,23.048,73.628,29.684,22.863,43.175
52.218,22.797,73.936,30.519,22.89,43.329
53.479,17.865,74.162,30.621,23.086,42.89
54.625,18.224,74.362,30.805,23.263,42.725
54.658,19.659,74.831,30.907,23.423,42.583
54.124,24.087,75.246,31.689,23.935,42.688
54.653,22.872,75.613,33.638,24.325,43.023
56.105,22.06,75.335,33.587,24.379,42.85
57.135,19.109,74.618,34.398,24.276,42.974
56.799,17.99,73.961,35.982,24.136,43.463
55.749,22.027,73.361,36.634,23.975,43.884
55.16,22.819,72.981,37.239,23.831,44.134
55.015,22.851,72.986,37.34,23.702,44.139
54.652,21.792,73.612,35.819,23.613,43.443
53.982,21.457,74.59,35.204,23.737,42.977
53.703,17.693,75.446,35.162,24.132,42.406
54.1,15.315,75.789,36.52,24.593,42.379
54.9,12.627,75.377,37.504,25.061,42.22
56.113,15.179,74.579,37.5,25.488,42.002
57.693,15.386,73.847,37.921,25.876,41.854
58.938,16.399,73.176,37.897,26.183,41.627
59.098,15.651,73.319,36.907,26.291,41.02
58.003,13.586,73.781,35.29,26.219,40.182
56.602,17.592,74.191,34.504,26.155,39.947
55.591,16.915,74.605,34.489,26.097,39.78
54.963,21.992,74.487,35.504,26.046,40.315
54.304,21.107,74.197,36.607,25.887,40.68
53.475,20.166,73.673,36.911,25.638,40.805
53.117,26.087,72.973,38.184,25.334,41.676
53.859,29.513,72.51,40.723,25.062,42.897
55.02,36.173,72.088,46.577,24.82,45.506
55.438,39.935,71.705,54.233,25.185,48.37
54.991,41.135,71.449,60.715,25.695,50.628
54.469,47.236,71.476,66.288,26.16,52.834
53.873,43.831,72.181,65.302,26.584,52.2
52.889,45.906,73.147,62.171,26.458,51.307
51.81,46.581,73.996,59.215,26.346,50.421
50.996,44.363,74.656,56.622,26.139,49.577
50.249,56.208,75.374,59.106,25.837,51.336
49.637,51.314,75.871,65.954,25.567,53.895
49.736,55.755,75.916,72.103,25.496,56.576
50.578,57.533,75.551,85.651,25.733,61.703
52.08,62.633,75.473,88.61,26.245,63.038
53.406,71.539,75.402,90.552,27.164,64.049
53.827,76.494,75.152,92.495,28.239,64.865
53.688,75.536,75.084,90.862,29.349,64.09
54.235,65.337,75.158,89.279,30.37,62.866
55.734,64.928,75.277,86.543,31.047,61.814
57.035,62.374,75.328,83.847,31.663,60.691
57.014,58.162,75.372,81.755,31.746,59.938
55.811,53.612,75.463,81.084,31.322,59.89
54.435,55.015,75.778,80.474,30.943,60.1
53.442,53.078,76.162,79.837,30.603,60.11
52.958,46.52,76.534,76.636,29.9,59.111
52.78,48.901,76.863,74.274,29.24,58.807
52.43,42.868,77.05,74.11,28.996,58.673
52.018,41.82,76.938,74.819,29.121,58.895
52.19,42.349,76.436,75.133,29.235,59.077
52.918,43.57,75.977,74.742,29.291,59.071
53.892,52.323,75.373,76.335,29.546,60.101
54.767,48.328,74.517,75.108,30.082,59.393
55.105,52.529,74.039,75.203,30.797,59.445
55.055,58.491,73.894,74.825,31.448,59.468
55.336,64.392,73.739,73.148,32.04,59.102
55.871,65.487,73.444,71.439,32.971,58.361
56.244,58.996,73.473,69.02,34.095,56.853
56.217,59.516,73.794,69.472,35.122,56.72
55.599,57.923,74.079,70.054,36.141,56.531
54.741,50.789,74.266,71.86,37.009,56.554
54.535,56.803,74.514,73.449,37.54,51.905
55.787,50.474,74.988,74.828,38.021,57.363
59.247,65.418,75.777,76.029,38.541,52.079
63.66,73.817,76.541,77.075,40.594,51.706
68.028,85.959,76.992,77.989,42.211,51.844
76.92,79.431,77.372,78.789,43.288,51.375
87.891,80.895,76.944,79.49,44.083,51.453
94.082,92.188,75.211,80.107,42.612,53.269
95.995,99.341,73.58,80.65,41.298,54.883
96.017,93.682,72.056,81.129,40.125,55.802
95.344,89.888,71.094,81.552,39.936,64.553
94.425,90.656,70.817,81.926,39.765,65.274
92.57,83.323,70.565,82.258,39.611,65.543
88.324,78.249,70.337,78.624,39.365,64.469
81.726,69.156,70.089,75.357,38.379,63.632
75.354,73.404,69.42,73.968,37.375,64.127
70.464,76.545,68.81,72.152,36.426,64.415
66.868,75.151,67.676,70.279,35.648,64.414
64.208,72.916,66.264,69.824,34.953,64.839
62.113,77.967,64.968,70.286,34.334,65.912
60.438,70.302,63.927,72.273,33.78,66.859
59.348,70.429,62.978,73.988,33.311,67.997
59.152,73.338,62.115,71.927,33.216,67.722
59.66,79.737,62.06,67.924,32.724,67.103
59.768,80.418,62.782,64.71,32.086,66.549
58.65,75.548,64.007,61.373,31.559,65.574
56.896,79.403,65.093,59.498,30.78,65.673
55.444,70.622,66.057,60.677,30.074,66.211
54.717,69.19,66.906,61.469,29.447,66.88
54.81,66.675,67.506,63.399,28.903,67.86
55.573,61.805,68.04,67.041,28.699,69.142
56.644,53.04,68.477,65.498,29.08,68.009
57.453,51.913,69.033,65.167,29.607,67.556
57.824,48.637,69.675,63.598,30.085,66.55
57.841,44.79,70.244,61.035,30.52,65.151
57.703,43.806,70.746,62.265,30.937,65.255
58.066,44.073,71.235,63.181,31.326,65.32
59.025,39.173,71.912,61.898,31.665,64.333
59.912,42.788,72.272,58.257,31.995,62.924
60.085,42.435,72.546,52.463,32.294,60.584
59.298,41.956,72.934,47.35,32.564,58.488
58.014,41.747,73.345,42.608,32.42,56.743
56.759,42.98,73.665,39.341,31.784,55.857
55.951,40.526,73.95,38.715,30.961,55.838
55.783,42.761,74.438,39.381,30.184,56.476
55.772,45.82,75.03,42.221,29.396,57.965
55.69,53.854,75.545,45.51,28.715,59.859
55.832,45.566,75.999,49.574,28.137,61.196
56.563,44.638,76.409,60.051,27.844,65.022
57.505,49.104,76.763,71.604,27.995,69.296
58.683,48.956,76.913,78.647,28.283,71.678
60.298,39.256,76.575,83.436,28.672,72.715
61.952,36.669,76,84.972,29.025,72.893
63.129,38.432,75.473,84.34,29.465,72.444
63.398,35.872,74.993,82.974,29.92,71.506
62.738,29.402,74.85,80.664,30.332,69.996
61.411,24.957,74.968,80.049,30.567,69.216
59.949,25.446,75.131,79.296,30.779,68.615
59.17,27.39,75.275,78.813,31.111,68.134
59.225,26.904,75.403,84.806,31.412,69.9
59.652,32.326,75.06,84.022,32.052,69.383
60.041,31.989,74.295,82.307,32.712,68.289
60.395,32.673,73.594,82.758,33.312,68.055
60.336,38.339,72.953,81.724,33.856,67.578
59.442,29.782,73.316,80.922,34.202,66.522
58.524,36.097,73.906,81.526,34.257,66.812
58.232,40.657,74.624,80.092,33.91,66.524
58.085,37.259,75.508,81.009,33.598,66.678
57.784,36.355,75.803,81.462,33.602,66.64
57.687,32.861,75.774,79.85,33.71,65.676
57.978,28.312,75.664,78.103,33.808,64.582
58.206,24.192,75.646,72.765,33.896,62.168
58.351,26.242,75.864,69.548,33.974,60.799
58.181,28.336,75.998,66.926,34.327,59.535
57.42,29.315,76.08,65.31,34.798,58.538
56.718,43.783,76.058,65.014,34.809,58.976
56.652,41.771,76.113,63.351,34.734,58.22
57.285,41.273,76.056,63.444,34.666,58.162
58.071,46.295,75.691,67.082,34.605,59.686
58.336,48.152,75.175,75.655,34.55,62.879
58.102,39.001,74.85,81.944,34.38,64.725
58.16,44.466,74.714,81.999,34.52,64.838
58.642,40.59,74.402,80.501,34.685,63.943
59.471,46.964,73.778,77.837,34.833,63.16
59.737,46.339,73.068,75.305,34.967,62.126
59.025,39.449,72.768,72.54,34.578,60.906
57.689,40.921,72.496,73.399,33.753,61.591
56.039,46.743,72.707,81.528,32.94,65.114
54.546,47.934,73.289,87.492,32.217,67.597
53.752,49.616,73.805,91.244,31.573,69.282
53.643,49.331,74.669,88.232,31.031,68.361
54.199,45.001,75.458,84.103,30.548,66.794
55.192,38.158,76.201,79.984,30.116,65.035
55.821,38.304,76.66,75.733,29.552,63.619
55.738,40.319,77.066,74.045,28.848,63.305
55.131,35.693,77.528,78.761,28.222,64.934
55.043,31.816,77.621,83.001,27.666,66.377
56.299,31.546,77.558,89.956,27.273,68.888
58.095,29.783,77.5,93.933,27.676,69.847
59.129,28.913,77.518,96.442,29.246,69.72
59.135,34.611,77.673,98.662,30.791,69.836
59.02,45.36,77.81,99.306,32.219,69.765
58.837,47.217,77.978,99.594,34.003,69.017
56.582,47.026,78.298,99.609,35.757,68.085
52.228,49.845,79.11,99.574,41.965,65.043
48.189,54.091,79.817,99.558,47.522,62.44
47.001,48.807,80.433,99.545,52.623,59.606
49.259,39.723,80.961,99.446,57.74,56.486
53.406,38.048,80.523,99.443,57.67,56.354
56.762,49.529,78.936,99.189,57.605,56.878
58.493,45.845,76.88,98.683,57.436,56.695
59.23,40.434,74.916,98.382,57.282,56.448
59.762,35.551,73.058,97.513,57.141,55.96
59.952,42.88,71.917,96.632,56.304,56.375
60.147,33.349,71.387,95.737,54.811,56.251
60.124,43.015,71.039,94.804,53.459,56.963
60.161,40.62,71.027,93.802,52.237,57.018
60.825,32.254,71.144,91.895,51.134,56.342
61.743,33.124,70.945,89.087,49.726,55.923
62.212,39.81,70.966,86.16,47.918,55.966
61.974,49.714,71.169,84.159,46.485,56.381
63.258,51.084,71.349,83.873,45.199,56.985
68.075,55.76,72.297,83.78,44.047,57.734
74.023,59.001,74.143,83.043,43.156,58.036
78.243,63.731,75.73,81.26,42.839,57.798
79.23,70.236,77.096,80.698,42.596,58.119
76.656,66.274,78.239,77.853,42.502,57.062
72.102,61.079,78.538,75.953,42.778,56.11
68.897,54.407,78.001,74.552,42.841,55.37
67.078,49.586,77.508,71.669,42.498,54.333
65.859,42.622,77.057,66.738,42.065,52.443
64.253,46.838,76.834,63.815,41.213,52.004
62.144,54.01,76.833,64.543,39.764,53.369
59.876,52.546,77.229,66.51,38.474,54.692
58.251,57.273,77.583,68.484,37.327,56.265
57.098,56.623,77.895,67.915,35.899,56.821
56.276,53.129,77.783,64.828,34.844,56.151
55.468,55.296,77.564,63.203,34.01,56.175
54.622,58.88,77.568,67.653,33.457,58.339
54.183,67.682,77.171,78.848,32.962,63.248
55.024,69.228,76.352,86.587,32.52,66.606
57.665,71.257,75.546,88.752,32.659,67.698
60.846,78.405,74.574,88.795,33.296,68.074
63.225,80.713,73.678,88.547,34.171,68.033
64.364,77.381,72.481,88.033,34.967,67.675
64.811,66.694,71.758,86.356,35.388,66.635
64.834,72.113,71.298,83.607,35.166,66.266
64.146,63.481,71.156,80.635,34.405,65.373
62.839,57.596,71.155,78.396,33.727,64.759
61.091,60.678,71.153,76.358,33.122,64.603
59.338,58.534,71.284,73.749,32.612,63.937
58.181,54.797,71.267,70.33,32.302,62.783
57.64,56.479,71.171,67.095,32.093,61.902
57.564,49.697,70.908,63.035,31.905,60.29
57.706,48.532,70.202,59.274,31.736,59.035
57.958,51.768,69.559,56.173,31.423,58.309
58.138,55.237,68.973,52.927,30.893,57.679
58.115,53.193,68.597,49.894,30.276,56.895
57.637,67.81,68.807,48.206,29.686,57.412
56.852,80.672,68.995,46.687,29.161,62.294
56.807,80.656,69.162,45.326,28.734,58.037
57.524,81.636,69.548,44.106,28.781,57.923
58.573,75.913,70.087,43.015,29.666,57.079
59.113,87.804,70.566,52.673,30.476,61.041
58.783,98.267,71.633,58.774,31.215,63.749
57.943,100,72.946,65.163,32.482,65.915
57.055,100,74.502,72.541,33.792,68.322
56.21,100,75.862,78.635,35.603,70.024
55.765,100,77.165,92.984,37.737,74.549
56.422,89.867,78.32,95.919,40.072,74.314
58.815,80.36,79.19,97.446,43.194,73.129
62.027,69.064,79.862,98.321,46.19,71.596
64.867,77.706,80.338,98.719,47.906,71.488
67.191,82.289,80.647,98.973,48.764,71.628
69.201,79.828,80.919,99.181,49.311,71.576
70.987,68.905,81.123,99.391,48.917,71.524
72.249,70.105,81.273,99.371,48.145,72.116
72.509,79.834,81.531,99.301,47.278,73.19
72.203,69.862,81.782,99.18,46.345,73.323
71.041,58.275,82.156,98.985,45.292,73.299
69.417,56.16,82.483,98.738,44.225,73.657
68.349,49.783,82.766,98.493,43.372,73.663
67.933,43.548,83.013,98.208,42.311,73.706
67.661,48.021,82.833,97.968,41.193,74.328
67.131,52.952,82.676,97.959,40.194,75.038
66.727,48.187,82.532,98.192,39.301,75.313
67.216,45.869,82.399,98.509,38.612,75.6
68.237,48.745,82.477,98.429,37.953,75.968
68.498,43.301,82.586,98.646,37.457,75.946
67.732,43.772,82.68,98.358,37.071,75.948
66.537,44.884,82.698,98.04,36.787,75.932
65.944,37.123,82.439,97.838,36.542,75.494
65.727,37.652,81.954,97.165,36.322,75.251
65.028,37.497,81.508,96.771,36.562,74.845
63.843,34.234,81.098,96.481,37.19,74.115
63.106,40.616,81.117,96.097,37.657,73.885
62.815,45.57,81.791,95.86,37.883,73.773
62.73,47.439,82.376,95.543,38.094,73.529
62.179,52.459,82.914,95.244,38.474,73.393
59.471,46.53,82.989,93.824,39.024,72.262
53.537,57.623,81.72,92.858,41.861,71.081
46.284,58.198,79.778,91.136,46.811,68.16
40.617,56.482,77.906,88.194,51.32,64.895
38.359,55.851,76.121,89.157,55.359,63.313
39.891,54.12,74.792,88.941,57.665,62.075
43.522,66.03,73.895,89.728,58.811,62.459
46.677,75.095,73.25,91.768,59.57,63.433
49.085,80.535,73.366,90.479,59.513,63.455
51.135,77.759,73.469,88.804,58.766,63.297
53.029,69.92,73.546,87.099,57.087,63.297
54.98,62.629,74.157,86.423,54.709,63.939
57.058,59.847,74.804,86.592,52.425,65.007
59.088,59.486,75.605,87.4,50.112,66.412
60.484,64.264,76.308,86.872,48.029,67.492
61.13,62.878,76.691,85.671,46.16,67.958
61.837,72.382,76.515,84.897,44.072,69.283
62.831,73.797,76.132,82.85,41.946,69.837
63.471,74.108,75.672,80.498,40.058,70.119
62.953,71.846,75.252,77.522,38.243,69.999
61.786,62.727,75.21,74.385,36.446,69.401
60.538,56.434,75.285,71.094,34.78,68.737
59.292,56.288,75.592,66.981,33.312,67.927
57.973,56.158,75.936,63.118,32.094,67.079
56.69,47.42,76.335,62.484,31.02,66.867
56.147,62.73,76.929,79.459,30.104,74.123
58.878,76.202,77.451,95.086,29.437,80.817
66.56,73.253,78.834,99.175,28.995,82.431
76.412,64.007,80.749,99.862,28.833,82.279
84.137,70.083,82.422,99.945,29.581,82.192
88.591,75.024,83.862,99.945,31.385,66.592
90.999,87.021,85.066,99.945,33.092,81.404
91.956,86.092,86.077,99.945,34.667,80.753
91.129,77.019,86.668,99.945,35.707,79.95
87.8,73.762,86.709,99.862,36.561,79.462
82.084,69.599,86.378,99.703,37.115,79.037
75.657,73.899,85.965,99.404,37.119,79.247
69.608,79.144,85.583,98.958,36.423,79.839
64.826,80.718,85.14,98.311,35.416,80.37
61.895,76.253,84.685,97.297,34.423,80.452
60.259,88.103,84.266,95.913,33.337,81.264
59.245,80.467,83.426,93.962,32.403,80.896
58.567,81.079,82.495,91.302,31.744,80.502
57.949,82.251,81.246,87.884,31.051,79.903
57.192,86.698,79.958,83.923,30.336,79.303
55.856,74.557,78.857,79.771,29.457,77.867
53.926,70.706,78.281,75.423,28.704,76.588
52.085,66.111,78.673,71.347,27.956,75.272
50.673,63.578,79.373,67.116,27.293,73.905
49.609,58.827,79.984,63.474,26.657,72.601
49.091,56.38,80.519,61.3,26.164,71.839
49.656,57.787,80.927,59.703,25.825,71.396
51.102,55.678,81.285,58.329,25.668,70.772
52.728,48.934,81.414,56.435,25.817,69.555
53.985,43.495,81.378,52.822,25.952,67.739
54.675,38.298,81.355,48.873,26.074,65.77
54.762,35.332,81.517,45.79,26.146,64.199
54.288,31.649,81.46,44.161,25.898,63.261
53.718,26.421,81.374,42.371,25.649,62.153
53.569,28.996,81.268,42.384,25.39,62.069
53.991,38.787,81.051,43.582,25.157,62.816
54.509,47.657,80.442,45.137,24.993,63.727
55.153,44.626,79.558,47.708,24.956,64.414
56.11,37.344,78.684,46.979,25.539,63.347
57.449,36.695,77.792,45.738,26.223,62.33
58.599,33.248,76.874,43.17,26.848,60.713
58.982,30.937,76.004,40.8,27.419,59.224
58.289,26.853,75.251,38.477,27.322,57.964
56.661,20.272,74.56,36.609,26.771,56.925
54.955,23.107,73.928,36.526,26.138,57.009
53.932,28.472,73.296,38.091,25.576,57.817
53.673,35.143,72.773,41.558,25.078,59.396
54.163,30.585,72.524,44.326,24.951,59.991
55.191,30.436,72.241,43.998,24.985,59.581
56.133,34.419,72.185,43.531,25.06,59.306
56.107,32.344,72.189,42.449,25.375,58.403
54.967,27.501,72.192,42.255,25.756,57.623
54.027,29.188,72.137,42.25,25.851,57.36
54.254,28.077,72.027,44,25.811,57.672
54.851,26.86,71.791,45.549,25.775,57.903
55.059,29.218,71.577,52.254,25.643,60.226
56.348,33.61,71.383,78.933,25.525,69.898
62.298,50.577,71.857,98.244,25.419,77.57
71.695,59.962,73.123,99.878,25.954,78.244
80.525,62.109,74.338,99.945,27.29,77.661
86.244,75.656,75.528,99.945,28.782,62.638
89.038,87.577,76.688,99.945,30.395,62.565
90.154,98.068,78.107,99.945,32.268,77.351
91.489,100,79.791,99.945,34.003,61.903
93.202,99.347,81.211,99.945,36.517,60.93
94.269,100,82.415,99.945,39.404,59.847
94.198,100,83.439,99.945,42.066,58.858
92.702,100,83.905,99.945,44.502,58.013
89.433,100,84.052,99.945,46.615,72.313
84.632,95.858,84.08,99.945,48.324,71.633
79.895,87.132,83.958,99.945,49.864,70.764
76.045,89.124,83.701,99.889,51.008,70.565
72.722,84.561,83.366,99.799,51.894,70.157
69.13,83.396,82.868,99.646,52.433,70.045
64.921,87.738,82.215,99.505,52.916,70.255
60.583,90.664,81.086,99.365,52.987,70.665
57.359,94.294,79.153,99.361,52.592,71.465
56.397,95.605,76.776,99.174,52.152,72.158
57.691,90.252,74.431,99.197,52.027,72.422
60.246,79.537,72.193,99.073,51.914,72.283
62.557,69.89,70.126,98.847,51.924,71.989
63.989,62.63,68.3,98.798,52.119,71.687
64.667,61.507,66.31,98.545,52.383,71.541
65.331,58.387,64.725,98.177,52.83,71.121
66.437,51.242,64.063,97.778,53.23,70.415
67.641,50.176,63.566,96.797,53.367,69.873
68.261,51.713,62.844,95.437,53.311,69.431
68.207,50.076,62.866,93.814,53.116,68.765
67.389,53.906,63.315,92.375,52.147,68.799
66.14,45.976,63.844,92.179,50.61,68.972
65.987,41.997,64.549,92.13,49.226,69.246
67.874,39.041,65.177,91.737,48.147,69.264
70.361,41.817,65.737,91.065,47.01,69.491
71.718,38.45,65.939,90.743,45.951,69.527
71.573,40.268,66.12,90.548,45.204,69.698
70.484,32.627,66.336,90.457,44.793,69.255
69.08,28.602,66.529,89.294,44.53,68.471
67.686,33.659,66.961,86.919,44.185,67.722
66.66,48.501,67.349,86.104,43.874,68.09
65.509,49.446,67.853,84.799,44.055,67.434
63.981,44.915,68.302,84.316,44.327,66.752
62.553,40.182,68.549,83.428,44.577,65.893
61.99,39.63,68.614,80.482,44.415,64.686
62.016,38.833,68.672,78.68,44.026,63.991
61.879,43.481,68.553,75.693,44.475,62.744
61.122,37.174,68.199,71.735,44.858,60.659
60.175,36.655,67.877,68.418,44.092,59.626
59.622,33.64,67.484,64.315,42.244,58.719
58.959,35.791,67.305,61.332,40.518,58.389
58.04,39.998,67.143,58.745,38.938,58.261
57.201,38.889,67.258,56.302,37.38,57.917
56.794,31.733,67.466,53.859,35.757,57.271
56.457,27.538,67.836,50.806,34.172,56.468
55.573,20.761,68.768,50.706,32.659,56.491
54.553,20.21,69,50.412,31.472,56.593
54.117,16.605,68.962,50.831,30.423,56.737
54.226,16.833,69.533,50.905,29.647,56.757
54.555,15.413,70.58,49.29,29.223,55.879
54.837,20.015,71.503,47.177,28.899,55.089
55.172,23.08,72.09,45.125,28.673,54.256
55.494,25.451,72.61,42.54,28.471,53.216
55.905,28.578,73.072,40.17,28.29,52.313
56.017,31.903,72.878,37.531,28.086,51.406
55.421,26.674,72.007,35.616,27.904,50.373
54.289,27.262,70.09,34.09,27.667,49.832
53.401,28.047,67.888,32.195,27.137,49.34
53.022,20.376,65.835,31.608,26.438,48.96
53.069,23.783,63.935,31.818,25.819,49.339
53.22,22.784,63.76,32.006,25.27,49.375
53.665,14.796,64.769,32.118,24.836,48.88
54.194,12.443,65.665,31.981,24.508,48.476
54.574,9.034,66.461,31.398,24.262,47.803
54.662,9.062,66.72,30.779,24.042,47.292
54.163,7.648,66.845,29.945,23.795,46.653
52.727,16.193,66.956,31.329,23.383,47.419
50.628,15.145,67.012,32.598,23.06,47.68
48.86,9.205,66.979,33.803,22.772,47.642
47.906,10.836,67.454,34.642,22.373,47.848
47.534,14.286,67.878,34.828,22.135,47.856
47.567,21.425,68.286,43.097,22.391,50.777
49.73,19.338,68.651,52.993,23.087,53.652
56.239,19.874,69.134,63.746,23.902,56.895
64.551,22.8,70.523,69.562,24.319,58.632
70.32,23.592,72.302,69.752,24.699,58.247
71.537,20.625,73.842,67.271,25.044,56.74
68.818,26.713,75.178,64.97,25.118,55.9
64.345,31.98,75.698,64.069,25.184,55.635
59.954,37.369,75.762,64.344,25.245,55.884
56.402,30.449,75.739,64.044,25.329,55.319
54.425,36.425,75.717,62.392,25.406,54.888
53.461,29.364,75.704,60.167,25.406,53.653
52.382,23.946,75.662,58.389,25.407,52.602
51.268,18.858,75.609,56.965,25.107,51.798
50.682,20.108,75.56,57.142,24.838,51.846
50.573,18.958,75.046,57.092,24.599,51.71
50.505,19.592,73.767,56.767,24.392,51.588
50.189,18.256,72.366,56.85,24.341,51.447
49.908,20.081,70.986,53.927,24.422,50.308
50.046,19.446,69.548,53.163,24.571,49.809
50.436,23.62,68.387,52.748,24.823,49.619
50.846,19.807,67.382,52.586,25.047,49.141
50.911,24.183,67.1,53.332,25.103,49.431
50.4,18.417,67.235,56.481,25.32,49.99
49.871,27.506,67.468,59.429,25.667,51.139
50.542,21.278,67.676,59.448,25.909,50.555
52.397,18.978,67.722,57.821,25.948,49.637
54.098,23.299,67.652,54.993,25.922,48.654
54.529,23.075,67.438,52.537,26.007,47.559
53.241,23.135,67.081,51.08,26.033,46.878
51.274,23.74,66.651,50.376,25.947,46.559
49.502,22.713,66.262,48.539,25.707,45.824
48,15.147,65.936,48.639,25.387,45.471
46.798,17.891,65.506,47.59,24.882,45.277
46.043,21.784,64.969,47.474,24.432,45.486
46.132,18.179,64.404,49.89,24.033,46.228
46.919,14.257,63.759,50.073,23.747,46.061
47.859,12.529,63.174,50.07,23.565,45.851
48.561,14.975,62.644,50.796,23.457,46.071
49.016,14.14,62.528,51.206,23.472,45.943
49.467,22.473,62.991,54.622,23.485,47.349
50.055,21.64,63.404,56.094,23.875,47.463
50.314,22.661,64.089,55.836,24.578,46.874
49.903,23.487,64.701,56.138,25.3,46.487
48.889,24.295,65.449,56.11,25.998,45.997
47.848,25.359,66.36,56.087,26.637,46.45
47.579,38.652,67.17,56.067,27.708,45.57
47.417,37.829,67.889,56.049,29.26,44.732
46.524,43.915,68.616,56.033,32.858,43.238
45.201,46.943,69.261,62.105,37.303,43.427
43.828,37.243,69.631,67.276,41.498,39.638
43.006,38.197,69.678,71.601,45.383,42.499
43.015,31.161,69.829,75.183,46.461,42.922
44.463,25.501,70.167,78.137,46.219,43.777
47.127,19.086,70.103,78.541,45.661,43.802
49.583,16.875,69.875,77.284,44.496,43.707
50.518,17.347,69.507,75.018,43.09,43.502
50.523,14.097,69.174,71.46,41.711,42.627
49.988,17.419,68.749,67.952,40.31,42.11
44.648,24.358,67.965,64.593,38.835,41.936
33.577,19.31,66.883,61.698,37.249,41.437
22.4,14.723,65.893,59.548,35.682,41.175
16.237,15.925,64.989,57.917,34.08,41.38
15.38,21.633,64.168,56.606,32.593,41.893
18.918,25.616,63.514,55.917,31.283,42.498
25.083,36.799,63.155,58.61,30.129,44.651
30.449,41.155,63.111,60.849,29.412,46.148
34.207,37.603,63.454,60.791,29.373,46.077
36.694,42.013,63.569,59.341,29.338,45.903
38.414,43.748,63.673,58.237,29.306,45.754
40.16,40.072,63.765,56.574,29.333,45.105
42.39,43.157,63.848,56.023,28.9,45.411
44.524,36.853,63.596,54.529,28.289,45.017
45.721,32.692,63.203,51.519,27.627,44.163
45.811,33.629,62.847,49.329,27.04,43.798
45.216,37.667,62.847,47.097,26.485,43.554
44.266,36.736,62.967,45.792,25.933,43.411
43.271,32.262,63.075,44.621,25.443,48.129
42.907,39.799,63.95,43.571,25.127,43.273
43.332,29.786,66.126,42.632,25.115,42.407
44.057,25.946,68.358,41.791,25.057,41.831
44.553,29.676,70.295,43.296,25.113,42.431
44.48,30.122,71.977,43.749,25.458,42.384
44.514,28.243,72.982,42.674,26.092,41.563
44.891,31.369,73.866,41.436,26.304,41.148
45.029,26.461,74.441,39.289,26.083,40.245
44.656,26.098,74.416,37.765,25.846,39.805
44.108,22.455,73.866,36.595,25.676,39.316
43.588,25.86,73.284,36.547,25.41,39.622
43.625,24.718,72.589,36.919,25.172,39.865
44.21,17.661,71.836,37.105,25.108,39.635
44.798,13.209,70.789,38.323,25.084,39.847
45.12,12.429,69.828,38.586,25.063,39.864
45.114,7.155,68.947,41.545,24.97,40.642
44.956,10.332,68.172,43.929,24.796,41.645
44.984,22.86,67.594,45.705,24.466,43.021
45.152,25.178,68.041,47.348,24.171,43.847
45.394,29.544,68.609,47.349,23.908,44.186
45.61,31.085,69.553,48.447,23.938,44.643
45.539,41.412,70.388,50.545,24.32,45.771
45.55,41.585,70.805,52.851,24.743,46.537
45.877,47.23,71.177,53.059,25.128,46.856
46.127,62.562,71.294,52.069,25.486,47.336
46.004,65.518,71.399,51.895,25.961,47.538
45.635,51.881,70.359,52.686,26.62,47.213
45.535,48.006,68.6,53.936,27.223,47.512
45.603,44.196,66.97,55.421,27.772,47.88
45.487,38.542,65.468,54.119,28.273,47.122
45.417,39.249,64.604,52.604,28.728,46.553
45.71,43.4,63.818,53.15,29.231,46.889
46.363,36.874,63.422,53.885,29.716,46.751
47.082,31.128,64.135,54.889,30.156,46.644
47.502,27.389,64.771,55.432,30.529,46.46
47.576,28.827,65.512,53.621,30.866,45.673
47.356,23.373,66.506,51.125,31.171,44.286
46.811,20.649,67.388,48.358,31.332,42.972
46.368,20.27,68.17,45.977,30.953,42.171
46.161,26.335,68.401,46.722,30.062,43.126
46.173,32.301,68.475,48.467,29.273,44.452
46.242,38.349,67.878,54.451,28.573,47.366
46.716,38.513,67.068,58.937,28.278,49.292
47.622,35.686,66.676,57.452,28.051,48.841
48.236,30.658,66.321,55.246,27.848,47.971
47.749,25.967,65.65,52.657,27.666,46.941
46.476,22.858,65.025,50.06,27.152,46.11
45.369,20.228,64.764,47.788,26.436,45.471
44.847,22.272,64.57,45.963,25.778,45.184
44.886,26.658,64.394,44.561,25.196,45.154
45.329,21.78,64.236,42.56,24.69,44.421
45.817,18.187,64.093,39.987,24.382,43.403
46.02,19.048,64.199,37.588,24.273,42.538
46.05,21.089,64.32,35.556,24.242,41.838
45.869,17.608,64.835,37.126,24.333,42.083
45.929,18.967,65.358,38.729,24.469,42.541
46.92,21.493,66.035,40.702,24.625,43.189
48.703,16.742,66.796,41.963,24.766,43.219
50.348,16.459,67.473,41.579,25.147,42.733
51.217,17.579,67.786,42.245,25.688,42.639
51.214,25.265,68.357,44.432,26.182,43.462
50.625,23.67,68.859,45.356,26.495,43.504
49.985,22.609,68.765,45.365,26.779,43.277
49.553,26.112,68.458,46.625,27.037,43.761
49.263,27.979,68.18,45.454,27.086,43.413
48.807,34.33,67.549,44.689,26.961,43.575
48.124,32.511,66.975,43.594,26.849,43.234
47.211,23.638,66.454,42.086,26.439,42.499
46.179,18.486,66.203,40.789,25.755,42.072
45.336,15.451,65.999,39.32,25.15,41.606
44.976,11.231,66.15,38.186,24.613,41.114
44.989,9.092,66.529,37.095,24.068,40.699
45.022,10.652,66.974,36.318,23.665,40.5
44.753,28.367,67.664,36.625,23.274,41.544
44.324,33.952,68.041,37.088,23.076,42.091
44.041,32.475,68.351,38.61,22.939,42.671
44.631,35.781,68.575,40.964,22.871,43.762
47.203,33.242,69.291,43.4,23.173,44.389
51.086,35.156,69.68,50.001,23.719,46.63
54.272,37.508,69.766,54.106,24.575,47.872
55.228,37.877,69.978,55.791,25.666,48.029
54.359,37.079,70.167,56.991,26.364,48.148
52.931,44.862,70.225,55.009,26.922,47.639
51.682,42.605,69.854,59.786,27.401,49.179
51.084,50.226,69.437,61.815,27.263,50.536
50.923,64.92,69.052,67.307,26.977,53.663
50.784,61.991,68.703,72.888,26.72,56.006
50.629,58.043,68.392,70.608,26.491,55.405
50.903,48.434,68.269,67.898,26.941,53.96
51.299,39.959,67.824,65.226,27.389,52.517
51.052,34.648,67.421,62.984,27.987,51.24
50.058,33.582,67.497,60.276,28.533,49.968
48.814,33.481,67.47,65.15,28.461,51.793
47.674,26.744,67.145,65.08,28.397,51.493
46.809,34.062,66.435,66.978,28.339,52.606
46.499,29.887,65.538,64.169,28.517,51.371
46.991,26.685,64.881,61.95,29.27,50.059
48.044,33.144,64.281,62.487,30.635,49.917
49.368,38.979,63.736,63.167,31.893,49.902
50.432,39.644,63.243,64.088,33.049,49.803
50.67,46.017,63.315,65.07,34.044,50.078
50.438,51.296,63.775,65.203,35.021,50.032
50.376,44.259,64.187,65.512,35.602,49.645
50.526,39.418,64.556,66.104,36.102,49.452
50.802,36.558,64.787,63.952,36.439,48.413
50.971,35.149,64.994,61.886,36.744,47.471
50.887,29.985,65.179,59.197,36.571,46.33
50.338,43.358,65.745,57.816,35.682,46.929
49.504,41.608,66.902,61.178,34.582,48.638
48.6,39.042,67.925,62.783,33.606,49.598
47.796,39.09,68.83,70.766,32.74,52.93
47.269,51.33,69.581,75.238,32.93,55.122
46.948,52.7,70.29,73.126,34.065,54.004
46.745,46.913,70.411,70.506,35.102,52.418
46.706,41.25,70.251,66.02,36.047,50.172
46.729,46.433,70.284,63.435,36.39,49.423
46.721,55.509,70.314,62,36.088,49.666
46.885,45.58,69.978,60.153,35.817,48.843
47.25,37.634,69.674,58.76,35.574,48.18
47.693,41.647,69.764,57.198,35.568,47.872
48.161,38.209,69.93,55.603,35.562,47.19
48.449,32.887,70.227,53.392,35.381,46.232
48.432,28.238,70.492,51.516,35.176,45.395
48.215,25.707,70.728,49.447,34.305,44.89
48.122,25.066,70.729,47.386,33.389,44.501
48.067,29.349,70.534,45.476,32.087,44.626
47.962,28.685,70.209,43.763,30.788,44.607
47.769,40.28,69.728,43.856,29.52,45.879
47.529,49.416,69.338,44.161,28.405,47.123
47.3,54.779,68.872,45.866,27.589,48.613
47.444,56.445,68.402,50.304,26.985,50.838
48.053,55.853,68.063,53.668,26.889,52.308
48.621,48.92,67.756,53.312,27.62,51.673
49.035,44.803,67.839,52.499,28.428,50.893
49.267,51.485,68.064,50.747,29.167,50.33
49.208,55.516,68.481,50.008,29.842,50.074
48.606,51.479,69.204,49.966,30.505,49.664
47.965,58.882,69.988,50.243,31.122,49.953
47.737,59.164,70.902,50.01,31.667,49.776
47.823,66.327,71.583,50.715,32.09,50.378
47.914,62.416,72.186,51.553,32.472,50.53
47.949,67.268,72.594,57.293,33.323,52.658
47.91,69.685,72.957,63.007,34.111,54.725
47.848,62.048,73.572,63.389,34.359,54.606
47.895,57.19,74.115,64.547,33.954,55.172
48.053,56.69,74.597,63.393,33.663,55.034
48.33,46.704,75.024,62.839,33.582,54.506
48.534,41.751,75.384,61.261,33.509,53.779
48.627,37.438,74.999,57.764,33.443,52.388
48.696,39.814,74.134,59.566,33.265,53.312
48.85,39.615,73.228,61.122,33.105,54.026
49.317,47.716,72.396,63.541,32.706,55.605
50.014,56.892,71.666,63.067,32.069,56.383
50.645,53.165,71.679,60.639,31.501,55.777
50.942,52.178,72.363,59.872,30.977,55.818
50.936,52.063,72.968,57.099,30.654,55.073
50.868,48.678,73.504,59.793,30.648,55.975
50.951,49.821,73.952,61.329,31.172,56.404
50.964,44.605,74.024,59.896,32.025,55.291
50.672,48.42,74.089,59.072,32.804,54.862
50.569,46.482,74.008,56.345,33.512,53.519
51.077,40.965,73.935,56.032,34.112,52.893
52.076,47.016,73.811,57.103,34.261,53.556
52.726,62.068,73.811,57.308,34.395,54.438
52.506,67.575,74.03,58.342,34.227,55.394
51.905,59.295,74.508,57.315,34.075,54.898
51.32,73.18,75.214,56.223,33.829,55.505
50.633,72.714,75.356,57.02,33.608,56.184
49.515,67.299,75.482,61.233,33.457,57.793
48.077,69.806,75.199,63.963,33.322,59.249
47.023,62.912,74.123,69.769,34.08,60.94
46.681,70.075,73.13,75.194,35.363,62.903
46.365,76.44,72.216,78.991,36.753,64.241
45.956,78.753,71.531,83.84,38.024,65.846
45.658,73.388,71.218,85.27,39.181,65.859
45.811,69.217,71.136,86.326,40.256,65.772
46.856,70.706,71.259,87.153,41.27,65.878
48.832,78.79,71.369,88.028,42.399,66.303
51.263,84.724,71.305,88.136,43.388,66.489
53.719,82.251,71.247,87.203,44.282,65.951
55.707,81.154,71.105,85.718,45.026,65.337
57.072,84.213,70.977,85.171,45.046,65.629
58.01,88.978,70.861,83.035,44.284,65.849
58.428,75.141,70.501,80.9,43.6,65.1
58.204,75.654,70.372,82.642,42.749,66.448
57.24,76.863,70.423,81.64,41.892,66.834
56.497,67.959,70.561,80.375,40.959,66.63
56.804,69.416,70.768,79.502,40.125,66.976
57.455,63.242,70.787,76.583,39.221,66.235
57.279,55.283,70.803,75.659,38.413,66.011
55.812,54.401,71.145,75.315,37.691,66.231
53.518,55.024,71.388,74.322,37.315,66.118
51.299,48.576,71.465,72.536,37.089,65.281
49.435,44.187,71.452,71.84,36.885,64.878
48.169,40.835,71.44,71.303,37.069,64.35
48.224,38.961,71.509,73.421,36.731,65.086
49.169,39.763,71.57,74.544,36.061,65.75
49.01,46.223,71.58,74.838,35.463,66.389
47.469,47.102,71.553,72.287,35.289,65.554
45.343,37.765,71.61,70.371,35.452,64.242
44.028,36.943,71.708,66.754,35.35,62.808
44.488,45.266,71.852,66.245,35.258,62.966
45.952,40.268,72.116,66.402,35.389,62.619
47.252,43.271,72.963,66.513,35.506,62.604
48.139,46.604,74.193,64.648,35.364,62.027
48.521,48.753,75.267,60.623,35.236,60.641
48.404,54.809,75.746,57.638,35.421,59.738
47.888,58.257,75.754,53.961,35.588,58.541
47.411,52.011,75.686,54.365,35.513,58.465
47.161,47.341,75.364,55.382,35.493,58.623
47.477,47.676,74.825,54.606,36.11,58.047
48.57,48.077,74.294,53.309,35.966,57.669
49.47,49.556,73.809,50.588,35.051,57.216
49.022,52.149,73.407,49.434,35.014,56.96
47.186,48.77,73.089,48.956,35.491,56.392
44.839,42.159,72.933,52.257,35.496,57.212
42.734,41.792,73.117,53.575,34.568,58.028
41.43,36.022,73.281,52.835,33.291,57.984
41.177,41.553,73.428,57.044,32.191,60.187
41.435,40.292,73.467,55.179,31.218,59.828
39.657,46.233,73.25,57.568,30.356,61.337
36.145,56.098,72.896,60.384,29.741,63.15
32.597,48.112,72.345,62.667,29.229,63.877
30.62,49.339,71.944,65.542,28.772,65.194
31.389,51.797,71.498,67.923,28.387,66.375
35.035,39.3,70.526,69.784,28.043,66.609
39.289,44.231,69.313,69.111,27.735,66.728
42.436,50.015,68.198,70.697,27.755,67.586
44.837,49.195,67.767,70.932,28.001,67.505
46.769,50.736,67.377,70.04,28.223,67.143
48.104,44.254,67.023,72.354,28.866,67.317
48.731,41.776,66.703,75.944,29.774,67.969
49.023,44.678,66.541,76.826,30.605,67.933
49.476,43.464,66.497,78.176,31.543,67.815
50.252,51.224,66.456,79.604,32.4,68.23
50.984,45.533,66.166,78.668,33.182,67.202
51.454,44.004,66.023,77.932,33.552,66.611
51.588,53.863,66.204,77.533,33.32,67.012
51.34,54.941,66.366,73.751,33.111,65.805
50.696,67.205,66.203,71.315,32.924,65.696
49.926,61.249,65.725,70.274,32.75,65.252
49.522,69.44,65.293,74.651,33.044,67.222
50.27,74.024,64.984,81.221,33.57,69.746
52.3,69.438,64.548,84.897,34.047,70.809
54.487,65.54,64.311,82.656,34.101,69.922
55.516,58.036,64.487,80.019,33.833,68.795
54.325,53.832,65.542,73.369,33.596,66.247
54.325,53.832,65.542,73.369,33.596,66.247
53.802,54.667,65.988,70.522,33.275,65.381
53.438,47.85,66.386,71.884,33.076,65.582
52.914,45.674,66.742,75.777,33.438,66.602
52.642,40.704,67.06,78.57,34.788,66.567
53.517,33.477,67.348,82.254,35.882,66.819
56.958,33.322,67.725,83.342,37.785,65.848
56.958,33.322,67.725,83.342,37.785,65.848
59.271,28.798,68.583,82.45,36.464,65.488
59.271,28.798,68.583,82.45,36.464,65.488
62.836,21.036,68.716,77.402,34.41,63.698
63.261,20.045,68.51,74.37,33.291,62.812
61.679,20.482,68.819,72.291,32.782,62.006
61.679,20.482,68.819,72.291,32.782,62.006
59.156,24.292,69.096,72.068,32.339,62.025
56.985,31.122,69.473,72.119,31.489,62.54
55.656,26.714,70.864,76.095,30.734,63.838
55.416,29.701,72.218,81.386,30.507,65.704
57.701,20.722,74.435,91.228,31.643,67.616
58.703,22.788,74.784,91.365,32.515,67.032
59.317,29.465,74.34,91.467,33.31,66.786
59.677,22.934,73.431,91.313,33.844,65.969
59.671,29.913,72.545,91.436,34.327,65.932
59.545,32.871,71.732,90.997,34.958,65.467
59.789,42.558,70.989,91.539,35.652,65.707
60.124,45.906,70.309,90.009,36.506,64.87
59.591,38.121,69.767,87.229,37.281,63.055
58.018,30.418,69.568,84.48,37.985,61.198
55.974,32.654,69.955,80.973,38.134,59.764
53.815,26.63,69.707,77.697,37.303,58.526
51.898,18.732,69.483,75.128,36.56,57.343
50.554,17.903,68.681,79.306,35.499,59.096
50.324,22.989,67.744,81.346,34.556,60.333
50.459,29.505,66.889,83.41,33.88,61.566
50.133,25.382,66.11,84.993,34.16,61.642
48.569,35.884,67.178,84.489,34.848,61.387
45.843,32.794,68.887,81.603,35.044,59.858
43.32,25.868,70.449,78.388,35.382,57.919
42.938,26.523,71.813,73.204,35.688,55.635
43.928,22.421,72.853,67.627,35.801,53.082
44.403,31.499,73.714,65.598,35.638,52.624
44.773,31.211,74.108,66.732,35.491,52.922
45.18,28.012,74.023,74.079,35.521,55.253
45.412,26.358,73.184,82.518,35.723,57.994
45.542,23.152,71.695,88.581,37.414,59.077
46.337,26.31,70.313,93.272,39.176,59.932
49.168,32.66,69.037,94.849,40.786,59.935
54.178,31.548,67.982,94.355,42.252,58.914
